{"config":{"cacheBuster":1537334777,"defaultPattern":"all","defaultShowPatternInfo":false,"patternExtension":"twig","ishMaximum":"2600","ishMinimum":"240","outputFileSuffixes":{"rendered":"","rawTemplate":"","markupOnly":".markup-only"},"patternStates":["inprogress","inreview","complete"]},"ishControls":{"ishControlsHide":{"hay":"true"}},"navItems":{"patternTypes":[{"patternTypeLC":"atoms","patternTypeUC":"Atoms","patternType":"00-atoms","patternTypeDash":"atoms","patternTypeItems":[{"patternSubtypeLC":"global","patternSubtypeUC":"Global","patternSubtype":"00-global","patternSubtypeDash":"global","patternSubtypeItems":[{"patternPath":"00-atoms-00-global-00-colours\/00-atoms-00-global-00-colours.html","patternSrcPath":"00-atoms\/00-global\/00-colours","patternName":"Colours","patternState":"","patternPartial":"atoms-colours"},{"patternPath":"00-atoms-00-global\/index.html","patternName":"View All","patternType":"00-atoms","patternSubtype":"00-global","patternPartial":"viewall-atoms-global"}]},{"patternSubtypeLC":"text","patternSubtypeUC":"Text","patternSubtype":"01-text","patternSubtypeDash":"text","patternSubtypeItems":[{"patternPath":"00-atoms-01-text-00-headings\/00-atoms-01-text-00-headings.html","patternSrcPath":"00-atoms\/01-text\/00-headings","patternName":"Headings","patternState":"","patternPartial":"atoms-headings"},{"patternPath":"00-atoms-01-text-buttons\/00-atoms-01-text-buttons.html","patternSrcPath":"00-atoms\/01-text\/buttons","patternName":"Buttons","patternState":"","patternPartial":"atoms-buttons"},{"patternPath":"00-atoms-01-text\/index.html","patternName":"View All","patternType":"00-atoms","patternSubtype":"01-text","patternPartial":"viewall-atoms-text"}]}],"patternItems":[{"patternPath":"00-atoms\/index.html","patternName":"View All","patternType":"00-atoms","patternSubtype":"all","patternPartial":"viewall-atoms-all"}]},{"patternTypeLC":"molecules","patternTypeUC":"Molecules","patternType":"01-molecules","patternTypeDash":"molecules","patternTypeItems":[],"patternItems":[{"patternPath":"01-molecules-sections\/01-molecules-sections.html","patternSrcPath":"01-molecules\/sections","patternName":"Sections","patternState":"","patternPartial":"molecules-sections"}]},{"patternTypeLC":"organisms","patternTypeUC":"Organisms","patternType":"02-organisms","patternTypeDash":"organisms","patternTypeItems":[],"patternItems":[{"patternPath":"02-organisms-heading-block\/02-organisms-heading-block.html","patternSrcPath":"02-organisms\/heading-block","patternName":"Heading Block","patternState":"","patternPartial":"organisms-heading-block"},{"patternPath":"02-organisms-image-block\/02-organisms-image-block.html","patternSrcPath":"02-organisms\/image-block","patternName":"Image Block","patternState":"","patternPartial":"organisms-image-block"},{"patternPath":"02-organisms-nav\/02-organisms-nav.html","patternSrcPath":"02-organisms\/nav","patternName":"Nav","patternState":"","patternPartial":"organisms-nav"},{"patternPath":"02-organisms-slider-block\/02-organisms-slider-block.html","patternSrcPath":"02-organisms\/slider-block","patternName":"Slider Block","patternState":"","patternPartial":"organisms-slider-block"},{"patternPath":"02-organisms-steps\/02-organisms-steps.html","patternSrcPath":"02-organisms\/steps","patternName":"Steps","patternState":"","patternPartial":"organisms-steps"},{"patternPath":"02-organisms-text-block\/02-organisms-text-block.html","patternSrcPath":"02-organisms\/text-block","patternName":"Text Block","patternState":"","patternPartial":"organisms-text-block"}]},{"patternTypeLC":"templates","patternTypeUC":"Templates","patternType":"03-templates","patternTypeDash":"templates","patternTypeItems":[],"patternItems":[{"patternPath":"03-templates-blog\/03-templates-blog.html","patternSrcPath":"03-templates\/blog","patternName":"Blog","patternState":"","patternPartial":"templates-blog"},{"patternPath":"03-templates-listing\/03-templates-listing.html","patternSrcPath":"03-templates\/listing","patternName":"Listing","patternState":"","patternPartial":"templates-listing"}]},{"patternTypeLC":"pages","patternTypeUC":"Pages","patternType":"04-pages","patternTypeDash":"pages","patternTypeItems":[],"patternItems":[]}]},"patternPaths":{"atoms":{"colours":"00-atoms-00-global-00-colours","headings":"00-atoms-01-text-00-headings","buttons":"00-atoms-01-text-buttons"},"molecules":{"sections":"01-molecules-sections"},"organisms":{"heading-block":"02-organisms-heading-block","image-block":"02-organisms-image-block","nav":"02-organisms-nav","slider-block":"02-organisms-slider-block","steps":"02-organisms-steps","text-block":"02-organisms-text-block"},"templates":{"blog":"03-templates-blog","listing":"03-templates-listing"}},"viewAllPaths":{"atoms":{"global":"00-atoms-00-global","all":"00-atoms","text":"00-atoms-01-text"}},"plugins":[]}